Workbook
Name age: #REF!
Name count: #REF!
Name worth: #REF!

Sheet Intro

Sheet Dashboard
B12: Task ID | C12: Task Name | D12: Team | E12: Task Owner | F12: Start Date | G12: Due Date | H12: Task Duration | I12: Status | J12: Overdue? | K12: Comments
B13: T001 | C13: Prepare Q4 Financial Report | D13: Finance | E13: Sarah Johnson | F13: 45902 | G13: 45920 | H13: =G13-F13 -> 18 | I13: Completed | J13: =AND((I13<>"Completed"),(G13<TODAY())) -> FALSE | K13: Submitted to CFO for review.
B14: T002 | C14: Conduct Market Research | D14: Strategy | E14: Sarah Johnson | F14: 45905 | G14: 45925 | H14: =G14-F14 -> 20 | I14: Completed | J14: =AND((I14<>"Completed"),(G14<TODAY())) -> FALSE | K14: Draft findings ready; awaiting survey data.
B15: T003 | C15: Redesign Website Homepage | D15: Strategy | E15: David Kim | F15: 45848 | G15: 45874 | H15: =G15-F15 -> 26 | I15: In Progress | J15: =AND((I15<>"Completed"),(G15<TODAY())) -> TRUE | K15: Wireframes approved; development in progress.
B16: T004 | C16: Update Sales Forecast for FY2026 | D16: Finance | E16: Sarah Johnson | F16: 45912 | G16: 45930 | H16: =G16-F16 -> 18 | I16: Completed | J16: =AND((I16<>"Completed"),(G16<TODAY())) -> FALSE | K16: Final version shared with Sales Director.
B17: T005 | C17: Implement CRM Upgrade | D17: Strategy | E17: James Miller | F17: 45915 | G17: 45940 | H17: =G17-F17 -> 25 | I17: In Progress | J17: =AND((I17<>"Completed"),(G17<TODAY())) -> TRUE | K17: Vendor confirmed delivery timeline.
B18: T006 | C18: Plan Annual Company Retreat | D18: HR | E18: David Kim | F18: 45918 | G18: 45945 | H18: =G18-F18 -> 27 | I18: In Progress | J18: =AND((I18<>"Completed"),(G18<TODAY())) -> TRUE | K18: Venue options being shortlisted.
B19: T007 | C19: Review Legal for Contracts | D19: HR | E19: Alex Chen | F19: 45889 | G19: 45896 | H19: =G19-F19 -> 7 | I19: Not Started | J19: =AND((I19<>"Completed"),(G19<TODAY())) -> TRUE | K19: Updated contracts aligned with new regulation.
B20: T008 | C20: Launch Social Media Campaign | D20: Marketing | E20: Alex Chen | F20: 45922 | G20: 45942 | H20: =G20-F20 -> 20 | I20: In Progress | J20: =AND((I20<>"Completed"),(G20<TODAY())) -> TRUE | K20: Initial creatives approved, campaign scheduled.
B21: T009 | C21: Recruit New Data Analyst | D21: HR | E21: Sarah Johnson | F21: 45923 | G21: 45950 | H21: =G21-F21 -> 27 | I21: Completed | J21: =AND((I21<>"Completed"),(G21<TODAY())) -> FALSE | K21: First round of interviews completed.
B22: T010 | C22: Conduct Employee Survey | D22: HR | E22: Sarah Johnson | F22: 45924 | G22: 45935 | H22: =G22-F22 -> 11 | I22: In Progress | J22: =AND((I22<>"Completed"),(G22<TODAY())) -> TRUE | K22: Survey questions finalized.
B23: T011 | C23: Prepare Investor Presentation | D23: Finance | E23: David Kim | F23: 45925 | G23: 45932 | H23: =G23-F23 -> 7 | I23: Completed | J23: =AND((I23<>"Completed"),(G23<TODAY())) -> FALSE | K23: Draft slides ready; awaiting financial highlights.
B24: T012 | C24: Upgrade Infrastructure | D24: Strategy | E24: Sarah Johnson | F24: 45926 | G24: 45960 | H24: =G24-F24 -> 34 | I24: Completed | J24: =AND((I24<>"Completed"),(G24<TODAY())) -> FALSE | K24: External consultant engagement pending.
... B27: T015 | C27: Audit Internal Expense Reports | D27: Finance | E27: Emily Davis | F27: 45929 | G27: 45934 | H27: =G27-F27 -> 5 | I27: Not Started | J27: =AND((I27<>"Completed"),(G27<TODAY())) -> TRUE | K27: Waiting for submission of all departmental reports.

Sheet Support Sheet
B2: Status | C2: Count | E2: Owners | F2: Count | H2: Team | I2: Count | K2: Overdue
B3: Completed | C3: =COUNTIF(Table1[Status],"Completed") -> 7 | E3: Sarah Johnson | F3: =COUNTIF(Table1[Task Owner],'Support Sheet'!E3) -> 6 | H3: Finance | I3: =COUNTIF(Table1[Team], 'Support Sheet'!H3) -> 4 | K3: =COUNTIF(Table1[Overdue?],TRUE) -> 8
B4: In Progress | C4: =COUNTIF(Table1[Status],"In Progress") -> 6 | E4: David Kim | F4: =COUNTIF(Table1[Task Owner],'Support Sheet'!E4) -> 3 | H4: Strategy | I4: =COUNTIF(Table1[Team], 'Support Sheet'!H4) -> 6
B5: Not Started | C5: =COUNTIF(Table1[Status],"Not Started") -> 2 | E5: James Miller | F5: =COUNTIF(Table1[Task Owner],'Support Sheet'!E5) -> 1 | H5: HR | I5: =COUNTIF(Table1[Team], 'Support Sheet'!H5) -> 4
B6: Total | C6: =SUM(C3:C5) -> 15 | E6: Alex Chen | F6: =COUNTIF(Table1[Task Owner],'Support Sheet'!E6) -> 2 | H6: Marketing | I6: =COUNTIF(Table1[Team], 'Support Sheet'!H6) -> 1
E7: Emily Davis | F7: =COUNTIF(Table1[Task Owner],'Support Sheet'!E7) -> 3
